"Name","Screen name","Party","Constituency","Followers","New followers in last 24 hours"
"Zarah Sultana","@zarahsultana","Labour","Coventry South",283128,411
"Yvonne Fovargue ","@Y_FovargueMP","Labour","Makerfield",14288,-4
"Yvette Cooper ","@YvetteCooperMP","Labour","Normanton, Pontefract and Castleford",394017,28
"Yasmin Qureshi ","@YasminQureshiMP","Labour","Bolton South East",25622,-2
"William Wragg ","@William_Wragg","Conservative","Hazel Grove",20967,-1
"William Cash ","@BillCashMP","Conservative","Stone",20634,-4
"Will Quince ","@willquince","Conservative","Colchester",22411,4
"Wes Streeting ","@wesstreeting","Labour","Ilford North",160045,91
"Wera Hobhouse","@Wera_Hobhouse","Liberal Democrat","Bath",24370,4
"Wendy Morton ","@morton_wendy","Conservative","Aldridge-Brownhills",19509,7
"Wendy Chamberlain","@wendychambLD","Liberal Democrat","North East Fife",8039,2
"Wayne David ","@WayneDavid_MP","Labour","Caerphilly",15502,-6
"Virendra Sharma ","@VirendraSharma","Labour","Ealing, Southall",20466,3
"Victoria Prentis ","@VictoriaPrentis","Conservative","Banbury",14658,-1
"Vicky Foxcroft ","@vickyfoxcroft","Labour","Lewisham, Deptford",23181,-5
"Vicky Ford","@vickyford","Conservative","Chelmsford",41950,23
"Valerie Vaz ","@Valerie_VazMP","Labour","Walsall South",8583,-1
"Tulip Siddiq ","@TulipSiddiq","Labour","Hampstead and Kilburn",198350,20
"Tracy Brabin ","@TracyBrabin","Labour","Batley and Spen",68104,10
"Tracey Crouch ","@tracey_crouch","Conservative","Chatham and Aylesford",41759,-3
"Tony Lloyd","@tony4rochdale","Labour","Rochdale",9571,-4
"Tonia Antoniazzi","@ToniaAntoniazzi","Labour","Gower",18382,0
"Tommy Sheppard ","@TommySheppard","Scottish National Party","Edinburgh East",40894,39
"Tom Tugendhat ","@TomTugendhat","Conservative","Tonbridge and Malling",138662,-4
"Tom Randall","@Tom_Randall","Conservative","Gedling",5229,-1
"Tom Pursglove ","@VotePursglove","Conservative","Corby",15722,-7
"Tom Hunt","@tomhunt1988","Conservative","Ipswich",14504,-4
"Toby Perkins ","@tobyperkinsmp","Labour","Chesterfield",30538,1
"Tobias Ellwood","@Tobias_Ellwood","Conservative","Bournemouth East",92379,0
"Tim Loughton ","@timloughton","Conservative","East Worthing and Shoreham",22506,0
"Tim Farron","@timfarron","Liberal Democrat","Westmorland and Lonsdale",289843,10
"Theresa May ","@theresa_may","Conservative","Maidenhead",1016286,-51
"Theo Clarke","@theodoraclarke","Conservative","Stafford",9404,1
"Thangam Debbonaire ","@ThangamMP","Labour","Bristol West",36692,-6
"Tanmanjit Singh Dhesi","@TanDhesi","Labour","Slough",98955,-1
"Taiwo Owatemi","@TaiwoOwatemi","Labour","Coventry North West",21358,-3
"Tahir Ali","@TahirAliMP","Labour","Birmingham, Hall Green",3851,4
"Suzanne Webb","@Q66Suzi","Conservative","Stourbridge",5644,-2
"Suella Fernandes ","@SuellaBraverman","Conservative","Fareham",55171,48
"Stuart Paul Anderson","@Stuart4WolvesSW","Conservative","Wolverhampton South West",8435,-5
"Stuart C. McDonald ","@Stuart_McDonald","Scottish National Party","Cumbernauld, Kilsyth and Kirkintilloch East",13842,3
"Stuart Andrew","@StuartAndrew","Conservative","Pudsey",20835,0
"Stewart Malcolm McDonald ","@StewartMcDonald","Scottish National Party","Glasgow South",38896,15
"Stewart Hosie ","@StewartHosieSNP","Scottish National Party","Dundee East",28675,4
"Steven Bonnar","@StevenBonnarSNP","Scottish National Party","Coatbridge, Chryston and Bellshill",4177,1
"Steven Baker ","@SteveBakerHW","Conservative","Wycombe",157895,-15
"Steve Reed ","@SteveReedMP","Labour","Croydon North",38564,-5
"Steve McCabe ","@steve_mccabe","Labour","Birmingham, Selly Oak",19366,-2
"Steve Double ","@stevedouble","Conservative","St Austell and Newquay",15141,-2
"Steve Brine","@BrineMP","Conservative","Winchester",12371,2
"Stephen Timms ","@stephenctimms","Labour","East Ham",19610,0
"Stephen Morgan","@StephenMorganMP","Labour","Portsmouth South",17276,0
"Stephen Metcalfe ","@Metcalfe_SBET","Conservative","South Basildon and East Thurrock",8439,-1
"Stephen McPartland ","@SMcPartland","Conservative","Stevenage",16894,-4
"Stephen Kinnock ","@SKinnock","Labour","Aberavon",37379,-4
"Stephen Hammond","@S_Hammond","Conservative","Wimbledon",20515,-4
"Stephen Flynn","@StephenFlynnSNP","Scottish National Party","Aberdeen South",10884,-2
"Stephen Farry","@StephenFarryMP","Alliance Party of Northern Ireland","North Down",18335,2
"Stephen Doughty ","@SDoughtyMP","Labour","Cardiff South and Penarth",36832,-5
"Stephen Crabb ","@SCrabbPembs","Conservative","Preseli Pembrokeshire",22738,-2
"Stephen Barclay ","@SteveBarclay","Conservative","North East Cambridgeshire",43487,56
"Stephanie Peacock","@Steph_Peacock","Labour","Barnsley East",11955,9
"Stella Creasy ","@stellacreasy","Labour","Walthamstow",160618,8
"Siobhan Baillie","@Siobhan_Baillie","Conservative","Stroud",13619,0
"Siobhain McDonagh","@Siobhain_Mc","Labour","Mitcham and Morden",27504,1
"Simon Lightwood","@simonlightwood","Labour","Wakefield",13219,-1
"Simon Jupp","@simonjamesjupp","Conservative","East Devon",8626,0
"Simon Hoare ","@Simon4NDorset","Conservative","North Dorset",23464,-10
"Simon Hart ","@Simonhartmp","Conservative","Carmarthen West and South Pembrokeshire",11958,0
"Simon Fell","@simonfell","Conservative","Barrow and Furness",5248,0
"Simon Clarke","@SimonClarkeMP","Conservative","Middlesbrough South and East Cleveland",22460,14
"Simon Baynes","@baynes_simon","Conservative","Clwyd South",5286,-1
"Sheryll Murray ","@sheryllmurray","Conservative","South East Cornwall",19155,-5
"Shaun Bailey","@Shaun4WBW","Conservative","West Bromwich West",4998,2
"Sharon Hodgson ","@SharonHodgsonMP","Labour","Washington and Sunderland West",34951,-5
"Shailesh Vara","@ShaileshVara","Conservative","North West Cambridgeshire",6832,2
"Shabana Mahmood ","@ShabanaMahmood","Labour","Birmingham, Ladywood",26176,-5
"Selaine Saxby","@SelaineSaxby","Conservative","North Devon",5484,-1
"Seema Malhotra ","@SeemaMalhotra1","Labour","Feltham and Heston",26133,-1
"Scott Mann ","@scottmann4NC","Conservative","North Cornwall",9667,-2
"Scott Lloyd Benton","@ScottBentonMP","Conservative","Blackpool South",8840,0
"Sarah Owen","@SarahOwen_","Labour","Luton North",23456,-5
"Sarah Olney","@sarahjolney1","Liberal Democrat","Richmond Park",18407,1
"Sarah Jones","@LabourSJ","Labour","Croydon Central",24056,0
"Sarah Green","@SarahGreenLD","Liberal Democrat","Chesham and Amersham",11222,-1
"Sarah Dines","@Dines4Dales","Conservative","Derbyshire Dales",2768,-3
"Sarah Champion ","@SarahChampionMP","Labour","Rotherham",50939,-2
"Sara Britcliffe","@SarBritcliffeMP","Conservative","Hyndburn",7628,0
"Saqib Bhatti","@bhatti_saqib","Conservative","Meriden",8583,0
"Sammy Wilson ","@eastantrimmp","Democratic Unionist Party","East Antrim",23879,-5
"Sam Tarry","@SamTarry","Labour","Ilford South",37888,72
"Sally-Ann Hart","@SallyAnn1066","Conservative","Hastings and Rye",5539,5
"Sajid Javid ","@sajidjavid","Conservative","Bromsgrove",297282,29
"Ruth Jones","@RuthNewportWest","Labour","Newport West",7863,3
"Ruth Edwards","@RuthEdwardsMP","Conservative","Rushcliffe",4431,3
"Ruth Cadbury ","@RuthCadbury","Labour","Brentford and Isleworth",23864,3
"Rushanara Ali ","@rushanaraali","Labour","Bethnal Green and Bow",47992,-3
"Royston Smith ","@Royston_Smith","Conservative","Southampton, Itchen",8517,-1
"Rosie Duffield","@RosieDuffield1","Labour","Canterbury",50674,3
"Rosie Cooper ","@rosie4westlancs","Labour","West Lancashire",15071,0
"Ronnie Cowan ","@ronniecowan","Scottish National Party","Inverclyde",13645,5
"Roger Gale","@SirRogerGale","Conservative","North Thanet",13585,-3
"Robin Walker ","@WalkerWorcester","Conservative","Worcester",16786,-4
"Robin John Millar","@RobinMillarMP","Conservative","Aberconwy",4098,-1
"Robert Syms ","@RobertSyms","Conservative","Poole",13803,-2
"Robert Neill ","@neill_bob","Conservative","Bromley and Chislehurst",19390,-3
"Robert Largan","@robertlargan","Conservative","High Peak",7525,2
"Robert Jenrick ","@RobertJenrick","Conservative","Newark",55484,2
"Robert Halfon ","@halfon4harlowMP","Conservative","Harlow",37956,4
"Robert Courts ","@robertcourts","Conservative","Witney",10836,1
"Robert Buckland ","@RobertBuckland","Conservative","South Swindon",31168,4
"Robbie Moore","@_RobbieMoore","Conservative","Keighley",6889,1
"Rob Butler","@AylesburyTories","Conservative","Aylesbury",1054,0
"Rishi Sunak","@RishiSunak","Conservative","Richmond (Yorks)",613834,366
"Richard Holden","@RicHolden","Conservative","North West Durham",11108,-2
"Richard Graham ","@RichardGrahamUK","Conservative","Gloucester",13666,-2
"Richard Gordon Thomson","@RThomsonMP","Scottish National Party","Gordon",3790,-2
"Richard Foord","@RichardFoordLD","Liberal Democrat","Tiverton and Honiton",9636,7
"Richard Burgon ","@RichardBurgon","Labour","Leeds East",184576,55
"Richard Bacon","@richardbaconmp","Conservative","South Norfolk",1916,0
"Rehman Chishti ","@Rehman_Chishti","Conservative","Gillingham and Rainham",21976,-2
"Rebecca Pow ","@pow_rebecca","Conservative","Taunton Deane",15485,0
"Rebecca Long-Bailey","@RLong_Bailey","Labour","Salford and Eccles",197521,39
"Rebecca Harris ","@RebeccaHarrisMP","Conservative","Castle Point",7677,-1
"Ranil Jayawardena ","@TeamRanil","Conservative","North East Hampshire",2217,0
"Rachel Reeves ","@RachelReevesMP","Labour","Leeds West",144902,25
"Rachel Maclean","@redditchrachel","Conservative","Redditch",13355,-5
"Rachel Hopkins","@rach_hopkins","Labour","Luton South",9590,1
"Rachael Maskell ","@RachaelMaskell","Labour","York Central",36462,2
"Priti Patel ","@pritipatel","Conservative","Witham",420048,86
"Preet Gill","@PreetKGillMP","Labour","Birmingham, Edgbaston",42983,3
"Philip Dunne","@Dunne4Ludlow","Conservative","Ludlow",13093,-2
"Philip Davies ","@PhilipDaviesUK","Conservative","Shipley",21792,-1
"Peter Kyle ","@peterkyle","Labour","Hove",53606,1
"Peter Grant ","@PeterGrantMP","Scottish National Party","Glenrothes",16834,-1
"Peter Gibson","@Gibbo4Darlo","Conservative","Darlington",4611,0
"Peter Dowd ","@Peter_Dowd","Labour","Bootle",18702,-3
"Peter Bottomley","@PBottomleyMP","Conservative","Worthing West",5994,3
"Peter Bone ","@PeterBoneUK","Conservative","Wellingborough",47255,-14
"Peter Aldous ","@peter_aldous","Conservative","Waveney",14698,-3
"Pete Wishart ","@PeteWishart","Scottish National Party","Perth and North Perthshire",58218,15
"Penny Mordaunt ","@PennyMordaunt","Conservative","Portsmouth North",148818,18
"Pauline Latham ","@Pauline_Latham","Conservative","Mid Derbyshire",22063,0
"Paula Barker","@PaulaBarkerMP","Labour","Liverpool, Wavertree",17572,3
"Paul Scully ","@scullyp","Conservative","Sutton and Cheam",17489,1
"Paul Maynard ","@PaulMaynardUK","Conservative","Blackpool North and Cleveleys",19573,3
"Paul Maskey ","@PaulMaskeyMP","Sinn Féin","Belfast West",20472,3
"Paul Howell","@PaulHowellMP","Conservative","Sedgefield",4124,3
"Paul Holmes","@pauljholmes","Conservative","Eastleigh",8215,1
"Paul Girvan","@PaulGirvanMP","Democratic Unionist Party","South Antrim",6524,0
"Paul Bristow","@paulbristow79","Conservative","Peterborough",11184,-1
"Paul Blomfield ","@PaulBlomfieldMP","Labour","Sheffield Central",22647,-2
"Patrick Grady ","@GradySNP","Scottish National Party","Glasgow North",16990,1
"Patricia Gibson ","@PGibsonSNP","Scottish National Party","North Ayrshire and Arran",13487,0
"Pat McFadden ","@patmcfaddenmp","Labour","Wolverhampton South East",28687,-4
"Owen Thompson ","@OwenThompson","Scottish National Party","Midlothian",8503,6
"Órfhlaith Begley","@OrfhlaithBegley","Sinn Féin","West Tyrone",8823,1
"Olivia Frances Blake","@_OliviaBlake","Labour","Sheffield, Hallam",18337,-2
"Oliver Heald QC ","@OliverHealdUK","Conservative","North East Hertfordshire",12260,-4
"Oliver Dowden","@OliverDowden","Conservative","Hertsmere",44960,-8
"Nusrat Ghani ","@Nus_Ghani","Conservative","Wealden",29883,1
"Nigel Mills ","@nigelmills","Conservative","Amber Valley",6821,-1
"Nigel Huddleston ","@HuddlestonNigel","Conservative","Mid Worcestershire",19608,0
"Nigel Evans","@nigelmp","Conservative","Ribble Valley",13747,-2
"Nigel Adams","@nadams","Conservative","Selby and Ainsty",14923,-7
"Nicola Faye Richards","@Nicola4WBE","Conservative","West Bromwich East",10074,-2
"Nickie Aiken","@twocitiesnickie","Conservative","Cities of London and Westminster",5243,0
"Nick Thomas-Symonds ","@NickTorfaen","Labour","Torfaen",34841,8
"Nick Smith ","@BlaenauGwentMP","Labour","Blaenau Gwent",11082,0
"Nick Gibb","@NickGibbUK","Conservative","Bognor Regis and Littlehampton",18631,4
"Nicholas Fletcher","@NickFletcherMP","Conservative","Don Valley",5340,4
"Nia Griffith ","@NiaGriffithMP","Labour","Llanelli",19036,-2
"Neil O'Brien","@NeilDotObrien","Conservative","Harborough",34401,-5
"Neil Hudson","@DrNeilHudson","Conservative","Penrith and The Border",4790,-2
"Neil Coyle ","@coyleneil","Labour","Bermondsey and Old Southwark",28892,-2
"Neale Hanvey","@JNHanvey","Scottish National Party","Kirkcaldy and Cowdenbeath",9575,8
"Naz Shah ","@NazShahBfd","Labour","Bradford West",60787,-7
"Nav Mishra","@NavPMishra","Labour","Stockport",13334,3
"Natalie Elphicke","@NatalieElphicke","Conservative","Dover",7871,-1
"Nadine Dorries ","@NadineDorries","Conservative","Mid Bedfordshire",155480,47
"Nadia Whittome","@NadiaWhittomeMP","Labour","Nottingham East",106584,8
"Nadhim Zahawi ","@nadhimzahawi","Conservative","Stratford-on-Avon",101133,12
"Munira Wilson","@munirawilson","Liberal Democrat","Twickenham",17709,2
"Mohammad Yasin","@YasinForBedford","Labour","Bedford",3443,3
"Mims Davies ","@mimsdavies","Conservative","Mid Sussex",17941,-2
"Mike Wood ","@mikejwood","Conservative","Dudley South",8084,0
"Mike Kane ","@MikeKaneMP","Labour","Wythenshawe and Sale East",12501,0
"Mike Amesbury","@MikeAmesburyMP","Labour","Weaver Vale",12421,0
"Mickey Brady ","@MickeyBradySF","Sinn Féin","Newry and Armagh",5440,2
"Mick Whitley","@MickWhitleyMP","Labour","Birkenhead",13815,4
"Michelle Gildernew","@gildernewm","Sinn Féin","Fermanagh and South Tyrone",21202,2
"Michelle Donelan ","@michelledonelan","Conservative","Chippenham",25228,1
"Michael Tomlinson ","@Michael4MDNP","Conservative","Mid Dorset and North Poole",11175,-3
"Michael Gove ","@michaelgove","Conservative","Surrey Heath",246424,16
"Michael Fabricant ","@Mike_Fabricant","Conservative","Lichfield",58032,25
"Michael Ellis ","@Michael_Ellis1","Conservative","Northampton North",15213,-1
"Mhairi Black ","@MhairiBlack","Scottish National Party","Paisley and Renfrewshire South",231144,-5
"Mel Stride","@MelJStride","Conservative","Central Devon",7008,1
"Meg Hillier ","@Meg_HillierMP","Labour","Hackney South and Shoreditch",21263,-5
"Matthew Pennycook ","@mtpennycook","Labour","Greenwich and Woolwich",24648,-7
"Matthew Offord","@Offord4Hendon","Conservative","Hendon",10856,0
"Matthew Hancock ","@MattHancock","Conservative","West Suffolk",422227,-47
"Matt Western","@MattWestern_","Labour","Warwick and Leamington",13359,6
"Matt Warman ","@mattwarman","Conservative","Boston and Skegness",20171,-2
"Matt Vickers","@Matt_VickersMP","Conservative","Stockton South",7522,2
"Matt Rodda","@MattRodda","Labour","Reading East",7633,1
"Mary Robinson ","@MaryRobinson01","Conservative","Cheadle",11077,-1
"Mary Glindon","@GlindonMary","Labour","North Tyneside",1462,-1
"Mary Foy","@marykfoy","Labour","City of Durham",17439,5
"Martyn Day ","@MartynDaySNP","Scottish National Party","Linlithgow and East Falkirk",11466,3
"Martin Vickers ","@MartinVickers","Conservative","Cleethorpes",13010,-4
"Martin Docherty-Hughes","@MartinJDocherty","Scottish National Party","West Dunbartonshire",14309,4
"Marsha de Cordova","@MarshadeCordova","Labour","Battersea",41788,-3
"Mark Tami ","@MarkTamiMP","Labour","Alyn and Deeside",10307,-2
"Mark Spencer ","@Mark_Spencer","Conservative","Sherwood",21962,1
"Mark Pritchard ","@MPritchardUK","Conservative","The Wrekin",12468,-1
"Mark Pawsey ","@MarkPawsey","Conservative","Rugby",8560,0
"Mark Jenkinson","@markjenkinsonmp","Conservative","Workington",12132,-2
"Mark Hendrick","@MpHendrick","Labour","Preston",6029,-1
"Mark Harper ","@Mark_J_Harper","Conservative","Forest of Dean",48440,-15
"Mark Garnier ","@Mark4WyreForest","Conservative","Wyre Forest",16770,-2
"Mark Eastwood","@mark4dewsbury","Conservative","Dewsbury",5609,0
"Marion Fellows ","@marionfellows","Scottish National Party","Motherwell and Wishaw",12751,4
"Marie Rimmer ","@MarieRimmer","Labour","St Helens South and Whiston",13967,0
"Maria Miller ","@MariaMillerUK","Conservative","Basingstoke",21683,4
"Maria Eagle ","@meaglemp","Labour","Garston and Halewood",48351,2
"Maria Caulfield ","@mariacaulfield","Conservative","Lewes",24230,-6
"Margaret Hodge ","@margarethodge","Labour","Barking",55746,-9
"Margaret Greenwood ","@MGreenwoodWW","Labour","Wirral West",22574,-3
"Margaret Ferrier ","@MargaretFerrier","Independent","Rutherglen and Hamilton West",15943,0
"Marcus Jones ","@Marcus4Nuneaton","Conservative","Nuneaton",11069,-5
"Marcus Fysh ","@MarcusFysh","Conservative","Yeovil",25782,-4
"Marco Longhi","@marcolonghi4dn","Conservative","Dudley North",5400,0
"Maggie Throup ","@maggie_erewash","Conservative","Erewash",4110,-5
"Lyn Brown ","@lynbrownmp","Labour","West Ham",14815,1
"Luke Pollard","@LukePollard","Labour","Plymouth, Sutton and Devonport",44418,12
"Luke Hall ","@LukeHall","Conservative","Thornbury and Yate",5768,-2
"Luke Evans","@drlukeevans","Conservative","Bosworth",10649,1
"Lucy Powell ","@LucyMPowell","Labour","Manchester Central",65082,8
"Lucy Frazer ","@lucyfrazermp","Conservative","South East Cambridgeshire",10553,1
"Lucy Allan ","@lucyallan","Conservative","Telford",32892,-3
"Louise Haigh ","@LouHaigh","Labour","Sheffield, Heeley",58533,12
"Louie French","@louie_french","Conservartive","Old Bexley and Sidcup",5341,2
"Lloyd Russell-Moyle","@lloyd_rm","Labour","Brighton, Kemptown",32966,12
"Liz Twist","@LizTwistMP","Labour","Blaydon",4894,1
"Liz Saville Roberts ","@LSRPlaid","Plaid Cymru","Dwyfor Meirionnydd",21951,1
"Liz Kendall ","@leicesterliz","Labour","Leicester West",96218,-4
"Lisa Nandy ","@lisanandy","Labour","Wigan",277471,44
"Lisa Cameron","@DrLisaCameronMP","Scottish National Party","East Kilbride, Strathaven and Lesmahagow",14672,2
"Lindsay Hoyle","@LindsayHoyle_MP","Speaker","Chorley",41700,-6
"Lilian Greenwood ","@LilianGreenwood","Labour","Nottingham South",30646,-4
"Liam Byrne ","@liambyrnemp","Labour","Birmingham, Hodge Hill",38639,-2
"Lia Nici","@lia_nici","Conservative","Great Grimsby",4861,0
"Leo Docherty","@LeoDochertyUK","Conservative","Aldershot",9057,-3
"Lee Benjamin Rowley","@Lee4NED","Conservative","North East Derbyshire",11110,-3
"Layla Moran","@LaylaMoran","Liberal Democrat","Oxford West and Abingdon",79942,-4
"Laurence Robertson ","@lrobertsonTewks","Conservative","Tewkesbury",5241,-2
"Laura Farris","@Laura__Farris","Conservative","Newbury",8248,3
"Kwasi Kwarteng ","@KwasiKwarteng","Conservative","Spelthorne",40300,26
"Kit Malthouse ","@kitmalthouse","Conservative","North West Hampshire",19011,14
"Kirsty Blackman ","@KirstySNP","Scottish National Party","Aberdeen North",27430,6
"Kirsten Oswald ","@kirstenoswald","Scottish National Party","East Renfrewshire",16801,-2
"Kim Johnson","@KimJohnsonMP","Labour","Liverpool, Riverside",18674,20
"Kieran John Mullan","@KieranMullanUK","Conservative","Crewe and Nantwich",5184,-2
"Khalid Mahmood","@khalid4PB","Labour","Birmingham, Perry Barr",7416,-3
"Kevin Hollinrake ","@kevinhollinrake","Conservative","Thirsk and Malton",13063,-4
"Kevin Foster ","@kevin_j_foster","Conservative","Torbay",9094,0
"Kevin Brennan ","@KevinBrennanMP","Labour","Cardiff West",26824,-2
"Kevan Jones ","@KevanJonesMP","Labour","North Durham",23718,-6
"Kerry McCarthy ","@KerryMP","Labour","Bristol East",33064,0
"Kenny MacAskill","@KennyMacAskill","Scottish National Party","East Lothian",20031,1
"Kemi Badenoch","@KemiBadenoch","Conservative","Saffron Walden",112982,55
"Kelly Tolhurst ","@KellyTolhurst","Conservative","Rochester and Strood",15927,-2
"Keir Starmer ","@Keir_Starmer","Labour","Holborn and St Pancras",1280174,291
"Katherine Fletcher","@K_Fletcher_MP","Conservative","South Ribble",5426,-1
"Kate Osborne","@KateOsborneMP","Labour","Jarrow",20946,56
"Kate Osamor ","@KateOsamor","Labour","Edmonton",36682,-3
"Kate Hollern ","@Kate_HollernMP","Labour","Blackburn",10456,5
"Kate Green ","@KateGreenSU","Labour","Stretford and Urmston",50929,-6
"Karl Turner ","@KarlTurnerMP","Labour","Kingston upon Hull East",45525,4
"Karl McCartney ","@karlmccartney","Conservative","Lincoln",11749,0
"Karin Smyth ","@karinsmyth","Labour","Bristol South",15152,-5
"Karen Buck ","@KarenPBuckMP","Labour","Westminster North",18999,-1
"Justin Tomlinson ","@JustinTomlinson","Conservative","North Swindon",21831,2
"Justin Madders ","@justinmadders","Labour","Ellesmere Port and Neston",31258,-4
"Julie Marson","@JulieMarsonMP","Conservative","Hertford and Stortford",5290,0
"Julie Elliott ","@JulieElliottMP","Labour","Sunderland Central",22514,-3
"Julian Sturdy","@JulianSturdy","Conservative","York Outer",3517,0
"Julian Smith ","@JulianSmithUK","Conservative","Skipton and Ripon",38159,-9
"Julian Knight ","@julianknight15","Conservative","Solihull",13993,-2
"Julia Lopez","@JuliaLopezMP","Conservative","Hornchurch and Upminster",8751,-3
"Judith Cummins ","@JudithCummins","Labour","Bradford South",15622,-1
"Joy Morrissey","@joymorrissey","Conservative","Beaconsfield",19293,-1
"Jonathan Reynolds ","@jreynoldsMP","Labour","Stalybridge and Hyde",54692,3
"Jonathan Lord","@JonathanLord","Conservative","Woking",3413,2
"Jonathan Djanogly ","@JDjanogly","Conservative","Huntingdon",19856,-2
"Jonathan Ashworth ","@JonAshworth","Labour","Leicester South",118046,4
"Jon Trickett ","@jon_trickett","Labour","Hemsworth",96103,21
"Jon Cruddas ","@JonCruddas_1","Labour","Dagenham and Rainham",22092,-3
"Johnny Mercer ","@JohnnyMercerUK","Conservative","Plymouth, Moor View",123547,-4
"Johnny McNally","@JohnMcNallySNP","Scottish National Party","Falkirk",9627,0
"John Whittingdale ","@JWhittingdale","Conservative","Maldon",9183,2
"John Stevenson ","@John4Carlisle","Conservative","Carlisle",14689,1
"John Spellar ","@spellar","Labour","Warley",12124,-1
"John Redwood ","@johnredwood","Conservative","Wokingham",149229,73
"John Penrose ","@JohnPenroseNews","Conservative","Weston-super-Mare",38342,0
"John Nicolson ","@MrJohnNicolson","Scottish National Party","Ochil and South Perthshire",48611,9
"John McDonnell ","@johnmcdonnellMP","Labour","Hayes and Harlington",319131,82
"John Lamont","@John2Win","Conservative","Berwickshire, Roxburgh and Selkirk",12685,-4
"John Howell ","@JHowellUK","Conservative","Henley",8831,-1
"John Healey ","@JohnHealey_MP","Labour","Wentworth and Dearne",33253,2
"John Glen ","@JohnGlenUK","Conservative","Salisbury",25520,3
"John Finucane","@johnfinucane","Sinn Féin","Belfast North",38230,18
"John Cryer","@JohnCryerMP","Labour","Leyton and Wanstead",7048,-1
"Joanna Cherry QC ","@joannaccherry","Scottish National Party","Edinburgh South West",122448,12
"Jo Stevens ","@JoStevensLabour","Labour","Cardiff Central",34878,3
"Jo Gideon","@jogideon","Conservative","Stoke-on-Trent Central",5963,-1
"Jo Churchill ","@Jochurchill_MP","Conservative","Bury St Edmunds",14794,-5
"Jim Shannon ","@JimShannonMP","Democratic Unionist Party","Strangford",4467,-3
"Jim McMahon ","@JimfromOldham","Labour","Oldham West and Royton",29386,2
"Jessica Morden ","@jessicamordenmp","Labour","Newport East",15555,9
"Jesse Norman ","@Jesse_Norman","Conservative","Hereford and South Herefordshire",30314,-3
"Jess Phillips ","@jessphillips","Labour","Birmingham, Yardley",571654,178
"Jerome Mayhew","@JeromeMayhew","Conservative","Broadland",3607,0
"Jeremy Hunt ","@Jeremy_Hunt","Conservative","South West Surrey",232970,1
"Jeremy Corbyn ","@jeremycorbyn","Independent","Islington North",2490690,26
"Jeffrey M. Donaldson ","@J_Donaldson_MP","Democratic Unionist Party","Lagan Valley",31092,-1
"Jeff Smith ","@JeffSmithetc","Labour","Manchester, Withington",11758,2
"Jason McCartney ","@JasonMcCartney","Conservative","Colne Valley",18276,1
"Janet Daby","@JanetDaby","Labour","Lewisham East",12797,1
"Jane Stevenson","@Jane_Stevenson_","Conservative","Wolverhampton North East",6226,1
"Jane Hunt","@JaneMHunt","Conservative","Loughborough",4003,0
"Jamie Stone","@Jamie4North","Liberal Democrat","Caithness, Sutherland and Easter Ross",14470,3
"Jamie Hamilton Wallis","@JamieWallisMP","Conservative","Bridgend",8066,-1
"James Wild","@jamesowild","Conservative","North West Norfolk",3360,-1
"James Sunderland","@JamesSunderl","Conservative","Bracknell",4594,3
"James Murray","@jamesmurray_ldn","Labour","Ealing North",9621,-7
"James Morris","@JamesMorris","Conservative","Halesowen and Rowley Regis",10404,2
"James Heappey ","@JSHeappey","Conservative","Wells",21196,4
"James Gray ","@JGray","Conservative","North Wiltshire",19288,-2
"James Duddridge ","@JamesDuddridge","Conservative","Rochford and Southend East",32437,-6
"James Davies","@JamesDavies","Conservative","Vale of Clwyd",6477,2
"James Daly","@JamesDalyMP","Conservative","Bury North",6360,1
"James Cleverly ","@JamesCleverly","Conservative","Braintree",125419,45
"James Cartlidge ","@jcartlidgemp","Conservative","South Suffolk",11186,-2
"Jake Berry ","@JakeBerry","Conservative","Rossendale and Darwen",21209,0
"Jacob Young","@JacobYoungMP","Conservative","Redcar",12750,0
"Jacob Rees-Mogg ","@Jacob_Rees_Mogg","Conservative","North East Somerset",467044,41
"Jackie Doyle-Price ","@JackieDP","Conservative","Thurrock",14394,-3
"Jack Lopresti ","@JackLopresti","Conservative","Filton and Bradley Stoke",9999,-2
"Jack Dromey ","@JackDromeyMP","Labour","Birmingham, Erdington",24832,-6
"Imran Hussain ","@Imran_HussainMP","Labour","Bradford East",22756,-7
"Ian Murray ","@IanMurrayMP","Labour","Edinburgh South",34463,-3
"Ian Mearns ","@IanMearnsMP","Labour","Gateshead",28637,-4
"Ian Lavery ","@IanLaveryMP","Labour","Wansbeck",95858,34
"Ian Byrne","@IanByrneMP","Labour","Liverpool, West Derby",42917,48
"Ian Blackford ","@Ianblackford_MP","Scottish National Party","Ross, Skye and Lochaber",179759,20
"Iain Stewart ","@iainastewart","Conservative","Milton Keynes South",19853,-2
"Iain Duncan Smith","@MPIainDS","Conservative","Chingford and Woodford Green",63394,-3
"Hywel Williams ","@HywelPlaidCymru","Plaid Cymru","Arfon",10652,-1
"Huw Merriman ","@HuwMerriman","Conservative","Bexhill and Battle",21364,-1
"Holly Lynch ","@HollyLynch5","Labour","Halifax",30697,-2
"Hilary Benn ","@hilarybennmp","Labour","Leeds Central",171944,-4
"Henry Smith ","@HenrySmithUK","Conservative","Crawley",17880,-3
"Helen Whately ","@Helen_Whately","Conservative","Faversham and Mid Kent",25233,3
"Helen Morgan","@HelenMorganMP","Liberal Democrat","North Shropshire",14924,7
"Helen Hayes ","@helenhayes_","Labour","Dulwich and West Norwood",26977,-2
"Helen Grant ","@HelenGrantMP","Conservative","Maidstone and The Weald",23045,0
"Heather Wheeler ","@HeatherWheeler","Conservative","South Derbyshire",21439,-5
"Harriett Baldwin ","@hbaldwin","Conservative","West Worcestershire",28808,-4
"Harriet Harman QC ","@HarrietHarman","Labour","Camberwell and Peckham",190765,2
"Hannah Bardell ","@HannahB4LiviMP","Scottish National Party","Livingston",26262,6
"Guy Opperman ","@GuyOpperman","Conservative","Hexham",24167,8
"Greg Smith","@gregsmith_uk","Conservative","Buckingham",8864,2
"Greg Knight ","@GregKnight","Conservative","East Yorkshire",12061,-3
"Greg Hands ","@GregHands","Conservative","Chelsea and Fulham",47700,4
"Greg Clark","@GregClarkMP","Conservative","Tunbridge Wells",33760,5
"Grant Shapps ","@grantshapps","Conservative","Welwyn Hatfield",176130,4
"Grahame Morris ","@grahamemorris","Labour","Easington",33214,7
"Graham Stuart ","@grahamstuart","Conservative","Beverley and Holderness",18561,2
"Graham Brady","@SirGrahamBrady","Conservative","Altrincham and Sale West",24368,-7
"Gillian Keegan","@GillianKeegan","Conservative","Chichester",16714,2
"Gill Furniss ","@GillFurnissMP","Labour","Sheffield, Brightside and Hillsborough",7720,2
"Giles Watling","@GilesWatling","Conservative","Clacton",4856,1
"Gerald Jones ","@GeraldJonesLAB","Labour","Merthyr Tydfil and Rhymney",8121,-1
"Geraint Davies ","@GeraintDaviesMP","Labour","Swansea West",17335,0
"George Freeman ","@GeorgeFreemanMP","Conservative","Mid Norfolk",32737,-6
"Geoffrey Cox QC ","@Geoffrey_Cox","Conservative","Torridge and West Devon",40317,-7
"Gavin Williamson ","@GavinWilliamson","Conservative","South Staffordshire",104862,19
"Gavin Robinson ","@GRobinsonDUP","Democratic Unionist Party","Belfast East",15128,2
"Gavin Newlands ","@GavNewlandsSNP","Scottish National Party","Paisley and Renfrewshire North",14806,2
"Gary Streeter ","@garystreeterSWD","Conservative","South West Devon",5835,0
"Gary Sambrook","@GarySambrook89","Conservative","Birmingham, Northfield",6102,1
"Gareth Thomas ","@GarethThomasMP","Labour","Harrow West",18171,0
"Gareth Davies","@GarethDavies_MP","Conservative","Grantham and Stamford",7378,-1
"Gareth Bacon","@GarethBaconMP","Conservative","Orpington",6778,-3
"Gagan Mohindra","@gaganmohindra","Conservative","South West Hertfordshire",5237,0
"Francie Molloy ","@FrancieMolloy","Sinn Féin","Mid Ulster",12956,5
"Florence Eshalomi","@FloEshalomi","Labour","Vauxhall",31379,0
"Fleur Anderson","@PutneyFleur","Labour","Putney",17188,4
"Fiona Bruce","@UK_FoRBEnvoy","Conservative","Congleton",3294,11
"Feryal Clark","@FeryalClark","Labour","Enfield North",12807,-4
"Felicity Buchan","@FelicityBuchan","Conservative","Kensington",7677,1
"Fay Alicia Jones","@JonesyFay","Conservative","Brecon and Radnorshire",7211,5
"Fabian Hamilton","@FabianLeedsNE","Labour","Leeds North East",7394,1
"Esther McVey","@EstherMcVey1","Conservative","Tatton",76727,-28
"Emma Lewell-Buck ","@EmmaLewellBuck","Labour","South Shields",28002,0
"Emma Hardy","@EmmaHardyMP","Labour","Kingston upon Hull West and Hessle",30339,1
"Emily Thornberry ","@EmilyThornberry","Labour","Islington South and Finsbury",260032,192
"Elliot Colburn","@ElliotColburn","Conservative","Carshalton and Wallington",8894,2
"Ellie Reeves","@elliereeves","Labour","Lewisham West and Penge",26126,1
"Elizabeth Truss ","@trussliz","Conservative","South West Norfolk",288665,555
"Eleanor Laing ","@eleanor4epping","Conservative","Epping Forest",14213,-2
"Edward Timpson","@edwardtimpson","Conservative","Eddisbury",7100,-1
"Edward Miliband ","@Ed_Miliband","Labour","Doncaster North",785688,-25
"Edward Leigh ","@EdwardLeighMP","Conservative","Gainsborough",16195,-4
"Edward Davey","@EdwardJDavey","Liberal Democrat","Kingston and Surbiton",90832,15
"Eddie Hughes","@EddieHughes4WN","Conservative","Walsall North",13289,-4
"Duncan Charles Baker","@duncancbaker","Conservative","North Norfolk",4954,3
"Drew Hendry ","@drewhendrySNP","Scottish National Party","Inverness, Nairn, Badenoch and Strathspey",16385,-2
"Dr Thérèse Coffey ","@theresecoffey","Conservative","Suffolk Coastal",29705,26
"Dr Rupa Huq ","@RupaHuq","Labour","Ealing Central and Acton",50036,0
"Dr Rosena Allin-Khan ","@DrRosena","Labour","Tooting",209062,-13
"Dr Philippa Whitford ","@Dr_PhilippaW","Scottish National Party","Central Ayrshire",40209,10
"Dr Liam Fox ","@LiamFox","Conservative","North Somerset",105831,-4
"Dr Caroline Johnson ","@drcarolinej","Conservative","Sleaford and North Hykeham",7408,-4
"Dr Andrew Murrison ","@AWMurrison","Conservative","South West Wiltshire",17212,-4
"Dr Alan Whitehead ","@alanwhiteheadmp","Labour","Southampton, Test",8742,-2
"Douglas Ross","@Douglas4Moray","Conservative","Moray",41242,7
"Douglas Chapman ","@DougChapmanSNP","Scottish National Party","Dunfermline and West Fife",15711,7
"Dominic Raab","@DominicRaab","Conservative","Esher and Walton",349868,1
"Diane Abbott ","@HackneyAbbott","Labour","Hackney North and Stoke Newington",403815,109
"Diana Johnson ","@DianaJohnsonMP","Labour","Kingston upon Hull North",30535,3
"Desmond Swayne ","@DesmondSwayne","Conservative","New Forest West",65756,-4
"Derek Twigg ","@DerekTwiggMP","Labour","Halton",7056,0
"Derek Thomas ","@DerekThomasUK","Conservative","St Ives",6625,-1
"Deidre Brock ","@DeidreBrock","Scottish National Party","Edinburgh North and Leith",17363,16
"Dehenna Davison","@DehennaDavison","Conservative","Bishop Auckland",54289,-2
"Debbie Abrahams ","@Debbie_abrahams","Labour","Oldham East and Saddleworth",54291,3
"Dean Russell","@dean4watford","Conservative","Watford",5169,2
"Dawn Butler ","@DawnButlerBrent","Labour","Brent Central",245579,17
"David Warburton ","@DJWarburton","Conservative","Somerton and Frome",16792,-2
"David T. C. Davies ","@DavidTCDavies","Conservative","Monmouth",16262,-7
"David Simmonds","@DSimmonds_RNP","Conservative","Ruislip, Northwood and Pinner",4474,1
"David Rutley ","@DavidRutley","Conservative","Macclesfield",14611,1
"David Mundell ","@DavidMundellDCT","Conservative","Dumfriesshire, Clydesdale & Tweeddale",17234,-2
"David Morris ","@davidmorrisml","Conservative","Morecambe and Lunesdale",15310,-2
"David Linden","@DavidLinden","Scottish National Party","Glasgow East",13254,-3
"David Lammy ","@DavidLammy","Labour","Tottenham",787880,61
"David Jones ","@DavidJonesMP","Conservative","Clwyd West",17689,-3
"David Johnston","@david4wantage","Conservative","Wantage",3291,1
"David Evennett ","@DavidEvennettMP","Conservative","Bexleyheath and Crayford",14875,-2
"David Duguid","@david_duguid","Conservative","Banff and Buchan",6664,-2
"David Davis ","@DavidDavisMP","Conservative","Haltemprice and Howden",190200,-10
"Dave Doogan","@DaveDooganSNP","Scottish National Party","Angus",4755,-1
"Darren Jones","@darrenpjones","Labour","Bristol North West",36007,-1
"Darren George Henry","@DarrenG_Henry","Conservative","Broxtowe",10849,-1
"Danny Kruger","@danny__kruger","Conservative","Devizes",12699,4
"Daniel Zeichner ","@DanielZeichner","Labour","Cambridge",21737,-2
"Daniel Kawczynski ","@DKShrewsbury","Conservative","Shrewsbury and Atcham",25596,1
"Dan Jarvis ","@DanJarvisMP","Labour","Barnsley Central",75051,-1
"Dan Carden","@DanCardenMP","Labour","Liverpool, Walton",53833,3
"Damian Hinds","@DamianHinds","Conservative","East Hampshire",33966,-5
"Damian Green ","@DamianGreen","Conservative","Ashford",22248,-3
"Damian Collins ","@DamianCollins","Conservative","Folkestone and Hythe",30608,2
"Daisy Cooper","@libdemdaisy","Liberal Democrat","St Albans",28094,4
"Crispin Blunt ","@CrispinBlunt","Conservative","Reigate",12529,-3
"Craig Williams ","@craig4monty","Conservative","Montgomeryshire",5812,0
"Craig Whittaker ","@CWhittaker_MP","Conservative","Calder Valley",9961,-3
"Craig Tracey ","@craig4nwarks","Conservative","North Warwickshire",10430,-2
"Craig Mackinlay ","@cmackinlay","Conservative","South Thanet",13750,0
"Conor McGinn ","@ConorMcGinn","Labour","St Helens North",18641,0
"Conor Burns","@ConorBurnsUK","Conservative","Bournemouth West",26850,24
"Colum Eastwood","@columeastwood","Social Democratic and Labour Party","Foyle",49536,16
"Clive Lewis ","@labourlewis","Labour","Norwich South",120402,34
"Clive Efford ","@CliveEfford","Labour","Eltham",15614,-4
"Claudia Webbe","@ClaudiaWebbe","Independent","Leicester East",76672,285
"Claire Hanna","@ClaireHanna","Social Democratic and Labour Party","Belfast South",43247,7
"Claire Coutinho","@ClaireCoutinho","Conservative","East Surrey",9962,6
"Christopher Pincher ","@ChrisPincher","Conservative","Tamworth",21735,-2
"Christopher Hazzard","@ChrisHazzardSF","Sinn Féin","South Down",25679,8
"Christine Jardine","@cajardineMP","Liberal Democrat","Edinburgh West",15157,-1
"Christina Rees ","@Rees4Neath","Labour","Neath",12503,3
"Christian Wakeford","@Christian4BuryS","Labour","Bury South",14641,5
"Christian Matheson ","@ChrisM4Chester","Labour","City of Chester",16402,3
"Chris Stephens ","@ChrisStephens","Scottish National Party","Glasgow South West",17827,4
"Chris Skidmore","@CSkidmoreUK","Conservative","Kingswood",25900,2
"Chris Philp ","@CPhilpOfficial","Conservative","Croydon South",15958,0
"Chris Loder","@chrisloder","Conservative","West Dorset",7453,-2
"Chris Law ","@ChrisLawSNP","Scottish National Party","Dundee West",20027,2
"Chris Heaton-Harris ","@chhcalling","Conservative","Daventry",25398,-2
"Chris Green","@CGreenUK","Conservative","Bolton West",15308,-5
"Chris Evans","@Chris_EvansMP","Labour","Islwyn",7572,-2
"Chris Elmore ","@CPJElmore","Labour","Ogmore",14823,2
"Chris Clarkson","@ChrisClarksonMP","Conservative","Heywood and Middleton",7065,3
"Chris Bryant ","@RhonddaBryant","Labour","Rhondda",225595,204
"Chloe Smith","@NorwichChloe","Conservative","Norwich North",21025,9
"Chi Onwurah ","@ChiOnwurah","Labour","Newcastle upon Tyne Central",46655,-5
"Cherilyn Mackrory","@thisischerilyn","Conservative","Truro and Falmouth",4484,-2
"Charlotte Nichols","@charlotte2153","Labour","Warrington North",24228,2
"Charles Walker","@CharlesWalkerMP","Conservative","Broxbourne",28945,-3
"Catherine West ","@CatherineWest1","Labour","Hornsey and Wood Green",33505,0
"Catherine McKinnell ","@CatMcKinnell","Labour","Newcastle upon Tyne North",28833,-3
"Cat Smith ","@CatSmithMP","Labour","Lancaster and Fleetwood",43315,-6
"Carolyn Harris ","@carolynharris24","Labour","Swansea East",32763,-2
"Caroline Nokes","@carolinenokes","Conservative","Romsey and Southampton North",28107,-4
"Caroline Lucas ","@CarolineLucas","Green Party","Brighton, Pavilion",587520,43
"Caroline Dinenage ","@cj_dinenage","Conservative","Gosport",22976,0
"Caroline Ansell ","@Caroline_Ansell","Conservative","Eastbourne",6500,-2
"Carol Monaghan ","@CMonaghanSNP","Scottish National Party","Glasgow North West",21113,5
"Carla Lockhart","@carlalockhart","Democratic Unionist Party","Upper Bann",13061,0
"Bridget Phillipson ","@bphillipsonMP","Labour","Houghton and Sunderland South",54971,21
"Brendan O'Hara ","@BrendanOHaraMP","Scottish National Party","Argyll and Bute",15295,4
"Brendan Clarke-Smith","@Bren4Bassetlaw","Conservative","Bassetlaw",8973,-6
"Brandon Lewis ","@BrandonLewis","Conservative","Great Yarmouth",63480,14
"Boris Johnson ","@BorisJohnson","Conservative","Uxbridge and South Ruislip",4637461,1095
"Bob Seely","@IoWBobSeely","Conservative","Isle of Wight",15671,1
"Bob Blackman ","@BobBlackman","Conservative","Harrow East",33138,-9
"Bim Afolami","@BimAfolami","Conservative","Hitchin and Harpenden",17073,3
"Bill Esterson ","@Bill_Esterson","Labour","Sefton Central",40572,7
"Beth Winter","@BethWinterMP","Labour","Cynon Valley",12913,11
"Bernard Jenkin ","@bernardjenkin","Conservative","Harwich and North Essex",38683,2
"Ben Wallace ","@BWallaceMP","Conservative","Wyre and Preston North",70735,22
"Ben Spencer","@DrBenSpencer","Conservative","Runnymede and Weybridge",7795,-2
"Ben Lake","@BenMLake","Plaid Cymru","Ceredigion",8765,-1
"Ben Everitt","@Ben_Everitt","Conservative","Milton Keynes North",9169,0
"Ben Bradshaw ","@BenPBradshaw","Labour","Exeter",79537,3
"Ben Bradley","@BBradley_Mans","Conservative","Mansfield",34235,-7
"Bell Ribeiro-Addy","@BellRibeiroAddy","Labour","Streatham",64236,255
"Barry Sheerman ","@BarrySheerman","Labour","Huddersfield",24145,-5
"Barry Gardiner ","@BarryGardiner","Labour","Brent North",98404,54
"Barbara Keeley ","@KeeleyMP","Labour","Worsley and Eccles South",27537,-2
"Bambos Charalambous","@Bambos_MP","Labour","Enfield, Southgate",12085,1
"Apsana Begum","@ApsanaBegumMP","Labour","Poplar and Limehouse",41317,2
"Anum Qaisar","@AnumSNP","Scottish National Party","Airdrie and Shotts",21313,1
"Antony Higginbotham","@antony_hig","Conservative","Burnley",4477,1
"Anthony Mangnall","@AnthonyMangnal1","Conservative","Totnes",9897,1
"Anthony Browne","@ab4scambs","Conservative","South Cambridgeshire",6081,-1
"Anneliese Dodds","@AnnelieseDodds","Labour","Oxford East",79162,11
"Anne-Marie Trevelyan ","@annietrev","Conservative","Berwick-upon-Tweed",31986,-3
"Anne McLaughlin ","@AnneMcLaughlin","Scottish National Party","Glasgow North East",14229,6
"Anne Marie Morris ","@AnneMarieMorris","Conservative","Newton Abbot",22240,12
"Anna McMorrin","@AnnaMcMorrin","Labour","Cardiff North",18852,2
"Anna Firth","@Anna_Firth","Conservative","Southend West",11755,3
"Angus MacNeil ","@AngusMacNeilSNP","Scottish National Party","Na h-Eileanan an Iar",44874,6
"Angela Richardson","@AJRichardsonMP","Conservative","Guildford",14870,0
"Angela Rayner ","@AngelaRayner","Labour","Ashton-under-Lyne",559586,134
"Angela Eagle ","@angelaeagle","Labour","Wallasey",82505,2
"Angela Crawley ","@AngelaCrawley30","Scottish National Party","Lanark and Hamilton East",14048,-5
"Andy Slaughter ","@hammersmithandy","Labour","Hammersmith",26149,-1
"Andy McDonald ","@AndyMcDonaldMP","Labour","Middlesbrough",52193,-1
"Andy Carter","@MrAndy_Carter","Conservative","Warrington South",6363,-1
"Andrew Stephenson ","@Andrew4Pendle","Conservative","Pendle",26873,5
"Andrew Selous ","@AndrewSelous","Conservative","South West Bedfordshire",22303,-1
"Andrew Rosindell ","@AndrewRosindell","Conservative","Romford",23232,-5
"Andrew Lewer","@ALewerMBE","Conservative","Northampton South",5235,0
"Andrew Jones","@AJonesMP","Conservative","Harrogate and Knaresborough",16042,-4
"Andrew Gwynne ","@GwynneMP","Labour","Denton and Reddish",53114,-3
"Andrew Griffith","@griffitha","Conservative","Arundel and South Downs",6786,3
"Andrew Bridgen ","@ABridgen","Conservative","North West Leicestershire",44005,-9
"Andrew Bowie","@AndrewBowie_MP","Conservative","West Aberdeenshire and Kincardine",23119,-12
"Andrea Leadsom ","@andrealeadsom","Conservative","South Northamptonshire",127253,7
"Andrea Jenkyns ","@andreajenkyns","Conservative","Morley and Outwood",67374,-9
"Amy Callaghan","@AmyCallaghanSNP","Scottish National Party","East Dunbartonshire",16078,2
"Amanda Solloway ","@ASollowayUK","Conservative","Derby North",6407,-1
"Amanda Milling ","@amandamilling","Conservative","Cannock Chase",26600,1
"Alyn Smith","@AlynSmith","Scottish National Party","Stirling",46741,-2
"Alun Cairns ","@AlunCairns","Conservative","Vale of Glamorgan",14340,1
"Alok Sharma ","@AlokSharma_RDG","Conservative","Reading West",75495,2
"Allan Dorans","@allandoransMP","Scottish National Party","Ayr, Carrick and Cumnock",934,1
"Alistair Carmichael","@amcarmichaelMP","Liberal Democrat","Orkney and Shetland",24945,1
"Alison Thewliss ","@alisonthewliss","Scottish National Party","Glasgow Central",31598,8
"Alison McGovern ","@Alison_McGovern","Labour","Wirral South",56954,-4
"Alicia Kearns","@aliciakearns","Conservative","Rutland and Melton",19686,1
"Alexander Stafford","@Alex_Stafford","Conservative","Rother Valley",7592,3
"Alex Sobel","@alexsobel","Labour","Leeds North West",26192,-8
"Alex Norris","@AlexNorrisNN","Labour","Nottingham North",8690,1
"Alex Davies-Jones","@AlexDaviesJones","Labour","Pontypridd",10244,1
"Alex Cunningham ","@ACunninghamMP","Labour","Stockton North",23904,-1
"Alex Chalk ","@AlexChalkChelt","Conservative","Cheltenham",15307,1
"Alex Burghart","@alexburghart","Conservative","Brentwood and Ongar",6962,-1
"Alec Shelbrooke ","@AlecShelbrooke","Conservative","Elmet and Rothwell",16687,0
"Alberto Costa ","@AlbertoCostaMP","Conservative","South Leicestershire",11228,2
"Alan Mak ","@AlanMakMP","Conservative","Havant",10915,35
"Alan Campbell ","@alancampbellmp","Labour","Tynemouth",7602,-3
"Alan Brown ","@AlanBrownSNP","Scottish National Party","Kilmarnock and Loudoun",13004,3
"Afzal Khan","@Afzal4Gorton","Labour","Manchester, Gorton",35956,4
"Adam Afriyie ","@AdamAfriyie","Conservative","Windsor",17904,-2
"Abena Oppong-Asare","@abenaopp","Labour","Erith and Thamesmead",19171,7
"Aaron Bell","@AaronBell4NUL","Conservative","Newcastle-under-Lyme",7213,-1